{"cameraMode":{"drawMode":0,"name":"Shaded","section":"Shading Mode"},"sceneLighting":true,"audioPlay":false,"sceneViewState":{"m_AlwaysRefresh":false,"showFog":true,"showSkybox":true,"showFlares":true,"showImageEffects":true,"showParticleSystems":true,"showVisualEffectGraphs":true,"m_FxEnabled":true},"in2DMode":false,"pivot":{"x":13.315529823303223,"y":13.626355171203614,"z":-98.23347473144531},"rotation":{"x":-0.11347650736570358,"y":0.19976545870304109,"z":0.023293258622288705,"w":0.9729804992675781},"size":6.9089131355285648,"orthographic":false}